id_supplier,name,email,phone
1,Reichert-Graham,llillistone0@dell.com,(765) 8180431
2,Wolf-Ortiz,gtelfer1@sourceforge.net,(530) 8791235
3,Mosciski-Gutkowski,acharnley2@dyndns.org,(205) 3944014
4,Hamill Inc,oburthom3@nifty.com,(108) 5607309
5,Rosenbaum LLC,vberrie4@1688.com,(352) 6534964
6,"Dibbert, Gulgowski and White",dlynn5@webmd.com,(169) 4949918
7,Kassulke-Streich,bwaby6@who.int,(438) 4099456
8,McDermott LLC,mpitkethly7@vk.com,(751) 2616060
9,Wilkinson Inc,cneasam8@comsenz.com,(452) 6777750
10,Nienow-Turcotte,dsmiths9@china.com.cn,(853) 9203774
11,Funk and Sons,oabbotsa@state.gov,(390) 7428844
12,Weber-Ondricka,khazeltonb@trellian.com,(100) 8958599
13,Wilderman-Schmeler,mepinayc@de.vu,(823) 4837503
14,O'Conner and Sons,cbartheletd@technorati.com,(411) 5456120
15,Nikolaus-Schuppe,emuxworthye@ucoz.ru,(539) 8803611
16,"Jaskolski, Connelly and Hickle",rtubbyf@bbc.co.uk,(497) 2499788
17,Schuppe LLC,fkynseyg@about.com,(719) 9070880
18,Larkin-Farrell,csizzeyh@youku.com,(859) 8995533
19,"Wintheiser, Nienow and Ortiz",ccrotheri@newyorker.com,(646) 8246524
20,"Watsica, McClure and Hauck",fcovelyj@4shared.com,(962) 4115751
21,O'Hara Group,scellonek@globo.com,(355) 1576097
22,"McDermott, Lynch and Quitzon",sboysel@fc2.com,(158) 8026733
23,Kautzer and Sons,mwelfordm@cnbc.com,(590) 9968571
24,Kris and Sons,athorlbyn@dell.com,(799) 4823255
25,Bartoletti Group,asevernso@paypal.com,(605) 6989456
26,Cruickshank-Leffler,ttregennap@wordpress.org,(101) 8439998
27,Crooks-Bruen,rbroxtonq@geocities.jp,(300) 4633894
28,"Tromp, Goodwin and Murray",pruckmanr@google.com.br,(119) 4015732
29,Friesen-Ritchie,hashers@weather.com,(338) 1167816
30,Miller-Bogan,rleedst@creativecommons.org,(615) 3984687
